# ************************************************************
# Sequel Pro SQL dump
# Versión 4541
#
# http://www.sequelpro.com/
# https://github.com/sequelpro/sequelpro
#
# Host: 127.0.0.1 (MySQL 5.5.5-10.1.30-MariaDB)
# Base de datos: universidad
# Tiempo de Generación: 2018-02-21 18:59:47 +0000
# ************************************************************


/*!40101 SET @OLD_CHARACTER_SET_CLIENT=@@CHARACTER_SET_CLIENT */;
/*!40101 SET @OLD_CHARACTER_SET_RESULTS=@@CHARACTER_SET_RESULTS */;
/*!40101 SET @OLD_COLLATION_CONNECTION=@@COLLATION_CONNECTION */;
/*!40101 SET NAMES utf8 */;
/*!40014 SET @OLD_FOREIGN_KEY_CHECKS=@@FOREIGN_KEY_CHECKS, FOREIGN_KEY_CHECKS=0 */;
/*!40101 SET @OLD_SQL_MODE=@@SQL_MODE, SQL_MODE='NO_AUTO_VALUE_ON_ZERO' */;
/*!40111 SET @OLD_SQL_NOTES=@@SQL_NOTES, SQL_NOTES=0 */;


create database universidad
	default CHARACTER SET utf8
	default COLLATE utf8_general_ci;
use universidad;


# Volcado de tabla alumno
# ------------------------------------------------------------

DROP TABLE IF EXISTS `alumno`;

CREATE TABLE `alumno` (
  `DNI` char(10) CHARACTER SET utf8 NOT NULL,
  `APELLIDO_1` varchar(18) CHARACTER SET utf8 DEFAULT NULL,
  `APELLIDO_2` varchar(18) CHARACTER SET utf8 DEFAULT NULL,
  `NOMBRE` varchar(18) CHARACTER SET utf8 DEFAULT NULL,
  `DIRECCION` varchar(30) CHARACTER SET utf8 DEFAULT NULL,
  `LOCALIDAD` varchar(19) CHARACTER SET utf8 DEFAULT NULL,
  `PROVINCIA` varchar(19) CHARACTER SET utf8 DEFAULT NULL,
  `FECHA_NACIMIENTO` date DEFAULT NULL,
  PRIMARY KEY (`DNI`)
) ENGINE=InnoDB DEFAULT CHARSET=utf8;

LOCK TABLES `alumno` WRITE;
/*!40000 ALTER TABLE `alumno` DISABLE KEYS */;

INSERT INTO `alumno` (`DNI`, `APELLIDO_1`, `APELLIDO_2`, `NOMBRE`, `DIRECCION`, `LOCALIDAD`, `PROVINCIA`, `FECHA_NACIMIENTO`)
VALUES
	('000000001','Sarabia','Simón','Víctor',NULL,NULL,NULL,NULL),
	('000000002','Sin','Miedo','Juna',NULL,NULL,NULL,NULL),
	('11000258','BORGES','ENRIQUEZ','JESUS','MADRID, 1','SALAMANCA','SALAMANCA','1970-02-21'),
	('11279546','PRIETO','MARCOS','ANTONIO','MAESTRO AVILA, 4','SALAMANCA','SALAMANCA','1971-12-19'),
	('11543192','ROLDAN','ESCUDERO','FRANCISCO','LAS AMAPOLAS, 1','CORRALES DEL VINO','ZAMORA','1970-01-05'),
	('11592038','BLANCO','MENDEZ','MARIA','SALAMANCA, 2','PEÑARANDA DE B.','SALAMANCA','1971-02-03'),
	('11929273','BERNAL','GONZALEZ','SANTIAGO','ALFAREROS, 2','jamon de guijuelo','SALAMANCA','1972-10-12'),
	('11932930','HERNANDEZ','BERMEJO','JOSE','SALESAS, 15','CANTALPINO','SALAMANCA','1975-12-04'),
	('12283833','LOPEZ','CUADRADO','CARLOS','GRAN VIA, 10','ALMENDRALEJO','BADAJOZ','1972-11-04'),
	('12312389','SERRANO','PEREZ','CAROLINA','LIBERTAD, 34','SALAMANCA','SALAMANCA','1970-08-25'),
	('12515152','ACUÑA','GIL','RIGOBERTO','GUERRILLEROS, 77','SALAMANCA','SALAMANCA','1970-12-12'),
	('12939272','PEREZ','SANCHEZ','JUAN','AVILA, 69','VILLAR DE LA YEGUA','SALAMANCA','1973-12-14'),
	('13929272','PEREZ','ARROYO','JAVIER','MURCIA, 2','VILLAR DEL CIERVO','SALAMANCA','1969-07-09'),
	('14244148','TRIGO','FERNANDEZ','MANUEL','BODEGONES, 1','CASAS DEL PUERTO','AVILA','1969-12-09'),
	('15838332','MONTERO','MERCHAN','ARSENIO','GUTENBERG, 1','CORIA','SALAMANCA','1972-10-23'),
	('16738222','FUENTES','OLIVERA','IGNACIO','ARGENTINA, 12','VITIGUDINO','SALAMANCA','1971-07-26'),
	('20937832','CALVO','CARRASCO','MIGUEL','BARCELONA, 89','CALVARRASA','SALAMANCA','1972-12-12'),
	('22874843','LOPEZ','BARCO','FRANCISCO','IMPERIAL, 67','EL CASAR','CACERES','1971-12-05'),
	('2315525','CASTILLA','TAPIA','RAMON','MIÑO, 10','VALDUNCIEL','SALAMANCA','1971-07-21'),
	('23435455','ROSADO','ROJO','RAMIRO','GRANERO, 11','PELEAS DE ABAJO','SALAMANCA','1972-01-22'),
	('25254178','ACOSTA','FERNANDEZ','JUAN','OLMEDO, 23','VILLATORO','AVILA','1972-08-07'),
	('256418','MARTIN','SERRADILLA','REMIGIO','CABARRUS, 15','ALBA DE TORMES','SALAMANCA','1975-08-29'),
	('2574114','MIGUEL','RUBIO','LEONARDO','MONLEON, 22','SALAMANCA','SALAMANCA','1970-12-21'),
	('2894123','MARTIN','RODRIGUEZ','ANGEL JOSE','GARCIA LORCA, 23','ZAMORA','ZAMORA','1969-06-21'),
	('32947683','RINCON','ALAGUERO','CIPRIANO','TARRAGONA, 1','LEON','LEON','1973-01-17'),
	('33333333','HERNANDEZ','PEREZ','JOSE ANTON','SOTOMAYOR, 15','PEÑARANDA DE B.','SALAMANCA','1970-02-21'),
	('3546546','PORRAS','ELVIRA','LUIS RICARDO','GRAN CAPITAN, 6','JUZBADO','SALAMANCA','1973-12-26'),
	('4566784','DOMINGUEZ','MORALES','JOAQUIN','PACIFICO, 34','PELEAS DE ARRIBA','SALAMANCA','1971-12-10'),
	('4568418','RODRIGUEZ','LUCAS','JOSE MANUEL','PLASENCIA, 16','PIEDRAHITA','AVILA','1970-09-08'),
	('4839392','PANIAGUA','APARICIO','PASCUAL','MEDIODIA, 16','LAS MESTAS','CACERES','1971-04-06'),
	('5235323','LOBATO','GARCIA','JOSE LUIS','VOLTA, 56','MALPARTIDA','CACERES','1973-06-06'),
	('6373728','PERANCHO','MUÑOZ','ANTONIO','CRISANTEMO, 89','SERRADILLA','CACERES','1975-08-09'),
	('6859236','PEDRAZ','ESTEBAN','GREGORIO','FRESA, 17','SALAMANCA','SALAMANCA','1970-11-24'),
	('6883822','ABARCA','MARTIN','PEDRO','GALILEO, 12','MORALES','ZAMORA','1972-09-23'),
	('7112783','MURIEL','ALONSO','FRANCISCO JOSE','MIGUEL DE UNAMUNO, 14','SALAMANCA','SALAMANCA','1975-09-09'),
	('7124874','RAMOS','DIEZ','FRANCISCO','BOLIVIA, 34','SALAMANCA','SALAMANCA','1970-11-04'),
	('71259836','CABO','SANCHEZ','FELIX','MAYOR, 1','PEÑARANDA DE B.','SALAMANCA','1970-02-11'),
	('71493016','SANCHEZ','PEREZ','JOSE LUIS','TENTENECIO, 34','jamon de guijuelo','SALAMANCA','1972-05-15'),
	('7152638','IGLESIA','GARCIA','M.ISABEL','VILLAMAYOR, 32','SALAMANCA','SALAMANCA','1970-02-24'),
	('71954201','MADRID','LOPEZ','RAQUEL','PORTUGAL, 145','SALAMANCA','SALAMANCA','1972-04-23'),
	('7219752','GOMEZ','MORAN','M.MAR','ITALIA, 2','SALAMANCA','SALAMANCA','1971-04-01'),
	('7251874','JIMENEZ','MARTIN','MARIANO','VOLTA, 45','SALAMANCA','SALAMANCA','1970-05-01'),
	('7282323','LORENZO','CARPIO','ATAULFO','ARRIBA, 15','ALCANTARA','CACERES','1971-10-13'),
	('7301387','MORENO','HERNANDEZ','M.CARMEN','CAMPOAMOR, 2','SALAMANCA','SALAMANCA','1970-02-01'),
	('7326263','ELICES','GOMEZ','RICARDO','SAGUNTO, 45','SANTIBAÑEZ','SALAMANCA','1970-08-08'),
	('7348383','GUTIERREZ','ALONSO','SANTIAGO','PETUNIAS, 4','SALAMANCA','SALAMANCA','1975-08-30'),
	('7389298','RODRIGUEZ','GARCIA','LAMBERTO','CAMPOAMOR, 34','HORCAJO MEDIANERO','AVILA','1967-02-12'),
	('7395860','ALVAREZ','MARTIN','LUIS','LOS CEDROS, 3','SALAMANCA','SALAMANCA','1972-04-21'),
	('74013298B','Aldeguer','Tellez','Fran','Campo','Guardamar del Segur','Alicante','1993-09-07'),
	('74196599','ALVAREZ','BENITO','LUIS','PIZARRO, 5','SALAMANCA','SALAMANCA','1970-03-21'),
	('7425362','ALDEHUELO','CANDO','CARLOS','TOLEDO, 1','ZORITA','SALAMANCA','1970-12-17'),
	('7432653','IGLESIAS','MARTIN','ADOLFO','HONDURA, 12','ALCANTARA','CACERES','1967-07-14'),
	('7453920','CASTAÑO','MARTIN','LUIS','GRECO, 19','VILLAMAYOR','SALAMANCA','1972-07-01'),
	('74567890','PEREZ','GONZALEZ','PEDRO','PORTUGAL, 4','SALAMANCA','SALAMANCA','1969-03-19'),
	('7462906','CORRALES','ZAPATA','ANA MARIA','AVILA, 4','SALAMANCA','SALAMANCA','1971-05-29'),
	('7823172','HERNANDEZ','GARCIA','EMILIO','AMAPOLAS, 18','ALISEDA','CACERES','1968-07-13'),
	('7828645','SAGRADO','MARTIN','GONZALO','ALFONSO VI, 12','TRUJILLO','CACERES','1972-09-18'),
	('7829354','CEREZO','CUADRADO','OVIDIO','AZAHAR, 1','LA FREGENEDA','SALAMANCA','1972-08-01'),
	('7838294','RODRIGUEZ','ESTEVEZ','ALONSO','EXTREMADURA, 18','CUBO DEL VINO','ZAMORA','1973-05-16'),
	('7839282','SAEZ','ALONSO','RUBEN','COLOMBIA, 24','CACERES','CACERES','1971-08-17'),
	('7839293','GASTON','BURILLO','MANUEL','NUÑEZ DE BALBOA, 5','SALAMANCA','SALAMANCA','1975-08-01'),
	('7851489','HERNANDEZ','REYES','FEDERICO','JARDINEROS, 3','SALAMANCA','SALAMANCA','1972-09-28'),
	('7897445','HOYOS','MANCEBO','BRAULIO','DIAMANTE, 5','ZAMORA','ZAMORA','1967-09-09'),
	('8000202','FUENTES','MORO','ERNESTO','PASEO ROBLES, 87','LEDESMA','SALAMANCA','1968-03-29'),
	('8382939','NIETO','SANCHEZ','OVIDIO','TARIFA, 18','MORALEJA','CACERES','1968-10-21'),
	('8393920','RAMOS','GARCIA','ANTONIO','EDISSON, 2','SALAMANCA','SALAMANCA','1971-06-21'),
	('8433839','MATEOS','HERNANDEZ','SILVERIO','ISAAC PERAL, 3','PLASENCIA','CACERES','1975-11-13'),
	('8663873','REGATOS','MORO','JUAN ANTONIO','S. VICENTE, 6','COLLADO DEL MIRON','AVILA','1972-10-14'),
	('8939302','GONZALEZ','PLAZA','MANUEL','TREBOL, 2','VITIGUDINO','SALAMANCA','1971-09-12'),
	('8939392','DIEZ','MONTERO','CARLOS','SAN TEODORO, 2','MOZARBEZ','SALAMANCA','1970-01-12'),
	('9029648','BENITO','BERNAL','JOSE','ITALIA, 28','PEÑARANDA','SALAMANCA','1969-08-16'),
	('9262873','GONZALO','HUEBRA','MIGUEL','PAMPLONA, 10','SALAMANCA','SALAMANCA','1972-04-21');

/*!40000 ALTER TABLE `alumno` ENABLE KEYS */;
UNLOCK TABLES;


# Volcado de tabla alumno_asignatura
# ------------------------------------------------------------

DROP TABLE IF EXISTS `alumno_asignatura`;

CREATE TABLE `alumno_asignatura` (
  `ID_ALUMNO` char(10) NOT NULL DEFAULT '',
  `ID_ASIGNATURA` char(5) NOT NULL,
  `ANNO` smallint(4) unsigned NOT NULL,
  `CALIFICACION_JUNIO` decimal(3,1) unsigned DEFAULT NULL,
  `CALIFICACION_SEPTIEMBRE` decimal(3,1) unsigned DEFAULT NULL,
  PRIMARY KEY (`ID_ALUMNO`,`ID_ASIGNATURA`,`ANNO`),
  KEY `FK_alumnoAsignatura_asignatura` (`ID_ASIGNATURA`),
  CONSTRAINT `FK_alumnoAsignatura_alumno` FOREIGN KEY (`ID_ALUMNO`) REFERENCES `alumno` (`DNI`) ON UPDATE CASCADE,
  CONSTRAINT `FK_alumnoAsignatura_asignatura` FOREIGN KEY (`ID_ASIGNATURA`) REFERENCES `asignatura` (`CODIGO`) ON UPDATE CASCADE
) ENGINE=InnoDB DEFAULT CHARSET=utf8;

LOCK TABLES `alumno_asignatura` WRITE;
/*!40000 ALTER TABLE `alumno_asignatura` DISABLE KEYS */;

INSERT INTO `alumno_asignatura` (`ID_ALUMNO`, `ID_ASIGNATURA`, `ANNO`, `CALIFICACION_JUNIO`, `CALIFICACION_SEPTIEMBRE`)
VALUES
	('11000258','00049',1999,1.0,2.0),
	('11000258','00049',2000,NULL,NULL),
	('11000258','00049',2012,NULL,NULL),
	('11000258','00050',1999,0.0,0.0),
	('11000258','00050',2000,NULL,NULL),
	('11000258','00051',1999,2.0,6.0),
	('11000258','00052',1999,10.0,NULL),
	('11000258','00053',1999,3.0,2.0),
	('11000258','00053',2000,NULL,NULL),
	('11000258','00054',1999,3.0,0.0),
	('11000258','00054',2000,NULL,NULL),
	('11000258','00055',1999,2.0,2.0),
	('11000258','00055',2000,NULL,NULL),
	('11000258','00056',1999,3.0,3.0),
	('11000258','00056',2000,NULL,NULL),
	('11000258','00057',2000,NULL,NULL),
	('11000258','00058',2000,NULL,NULL),
	('11000258','00059',2000,NULL,NULL),
	('11000258','00060',2000,NULL,NULL),
	('11000258','00061',2000,NULL,NULL),
	('11000258','00062',2000,NULL,NULL),
	('11000258','00063',2000,NULL,NULL),
	('11279546','00043',2000,NULL,NULL),
	('11279546','00044',2000,NULL,NULL),
	('11279546','00045',2000,NULL,NULL),
	('11279546','00046',2000,NULL,NULL),
	('11279546','00047',2000,NULL,NULL),
	('11279546','00048',2000,NULL,NULL),
	('11543192','00043',2000,NULL,NULL),
	('11543192','00044',2000,NULL,NULL),
	('11543192','00045',2000,NULL,NULL),
	('11543192','00046',2000,NULL,NULL),
	('11543192','00047',2000,NULL,NULL),
	('11543192','00048',2000,NULL,NULL),
	('11592038','00043',1999,0.0,9.0),
	('11592038','00044',1999,6.0,NULL),
	('11592038','00045',1999,2.0,3.0),
	('11592038','00045',2000,NULL,NULL),
	('11592038','00046',1999,1.0,8.0),
	('11592038','00047',1999,1.0,5.0),
	('11592038','00048',1999,3.0,3.0),
	('11592038','00048',2000,NULL,NULL),
	('11592038','00049',2000,NULL,NULL),
	('11592038','00050',2000,NULL,NULL),
	('11592038','00051',2000,NULL,NULL),
	('11592038','00052',2000,NULL,NULL),
	('11592038','00053',2000,NULL,NULL),
	('11592038','00054',2000,NULL,NULL),
	('11592038','00055',2000,NULL,NULL),
	('11592038','00056',2000,NULL,NULL),
	('11929273','00049',1999,0.0,10.0),
	('11929273','00050',1999,7.0,NULL),
	('11929273','00051',1999,8.0,NULL),
	('11929273','00052',1999,2.0,10.0),
	('11929273','00053',1999,8.0,NULL),
	('11929273','00054',1999,5.0,NULL),
	('11929273','00055',1999,9.0,NULL),
	('11929273','00056',1999,0.0,7.0),
	('11929273','00057',2000,NULL,NULL),
	('11929273','00058',2000,NULL,NULL),
	('11929273','00059',2000,NULL,NULL),
	('11929273','00060',2000,NULL,NULL),
	('11929273','00061',2000,NULL,NULL),
	('11929273','00062',2000,NULL,NULL),
	('11929273','00063',2000,NULL,NULL),
	('11932930','00029',1999,0.0,9.0),
	('11932930','00032',1999,2.0,2.0),
	('11932930','00032',2000,NULL,NULL),
	('11932930','00033',1999,0.0,1.0),
	('11932930','00033',2000,NULL,NULL),
	('11932930','00034',1999,3.0,7.0),
	('11932930','00035',2000,NULL,NULL),
	('11932930','00037',2000,NULL,NULL),
	('11932930','00039',2000,NULL,NULL),
	('11932930','00040',2000,NULL,NULL),
	('12283833','00005',1999,8.0,NULL),
	('12283833','00006',2000,NULL,NULL),
	('12283833','00009',1999,9.0,NULL),
	('12283833','00010',2000,NULL,NULL),
	('12283833','00013',1999,1.0,6.0),
	('12283833','00014',2000,NULL,NULL),
	('12283833','00017',1999,9.0,NULL),
	('12283833','00018',2000,NULL,NULL),
	('12312389','00035',1999,0.0,3.0),
	('12312389','00035',2000,NULL,NULL),
	('12312389','00036',2000,NULL,NULL),
	('12312389','00037',1999,2.0,9.0),
	('12312389','00038',2000,NULL,NULL),
	('12312389','00039',1999,0.0,1.0),
	('12312389','00039',2000,NULL,NULL),
	('12312389','00040',1999,9.0,NULL),
	('12312389','00041',2000,NULL,NULL),
	('12312389','00042',2000,NULL,NULL),
	('12515152','00035',1999,3.0,2.0),
	('12515152','00035',2000,NULL,NULL),
	('12515152','00036',2000,NULL,NULL),
	('12515152','00037',1999,2.0,3.0),
	('12515152','00037',2000,NULL,NULL),
	('12515152','00038',2000,NULL,NULL),
	('12515152','00039',1999,10.0,NULL),
	('12515152','00040',1999,2.0,0.0),
	('12515152','00040',2000,NULL,NULL),
	('12515152','00041',2000,NULL,NULL),
	('12515152','00042',2000,NULL,NULL),
	('12939272','00022',1999,6.0,NULL),
	('12939272','00023',1999,3.0,0.0),
	('12939272','00023',2000,NULL,NULL),
	('12939272','00024',1999,2.0,0.0),
	('12939272','00024',2000,NULL,NULL),
	('12939272','00025',2000,NULL,NULL),
	('12939272','00026',1999,1.0,8.0),
	('12939272','00027',1999,2.0,1.0),
	('12939272','00027',2000,NULL,NULL),
	('12939272','00028',2000,NULL,NULL),
	('12939272','00030',2000,NULL,NULL),
	('12939272','00031',2000,NULL,NULL),
	('13929272','00001',2000,NULL,NULL),
	('13929272','00003',2000,NULL,NULL),
	('13929272','00007',2000,NULL,NULL),
	('13929272','00021',2000,NULL,NULL),
	('14244148','00002',1999,10.0,NULL),
	('14244148','00004',1999,1.0,9.0),
	('14244148','00005',2000,NULL,NULL),
	('14244148','00008',1999,5.0,NULL),
	('14244148','00009',2000,NULL,NULL),
	('14244148','00012',1999,7.0,NULL),
	('14244148','00013',2000,NULL,NULL),
	('14244148','00017',2000,NULL,NULL),
	('15838332','00022',1999,6.0,NULL),
	('15838332','00023',1999,2.0,7.0),
	('15838332','00024',1999,3.0,8.0),
	('15838332','00025',2000,NULL,NULL),
	('15838332','00026',1999,2.0,10.0),
	('15838332','00027',1999,10.0,NULL),
	('15838332','00028',2000,NULL,NULL),
	('15838332','00030',2000,NULL,NULL),
	('15838332','00031',2000,NULL,NULL),
	('16738222','00002',1999,0.0,10.0),
	('16738222','00004',1999,6.0,NULL),
	('16738222','00005',2000,NULL,NULL),
	('16738222','00008',1999,9.0,NULL),
	('16738222','00009',2000,NULL,NULL),
	('16738222','00012',1999,9.0,NULL),
	('16738222','00013',2000,NULL,NULL),
	('16738222','00017',2000,NULL,NULL),
	('20937832','00022',1999,0.0,1.0),
	('20937832','00022',2000,NULL,NULL),
	('20937832','00023',1999,1.0,5.0),
	('20937832','00024',1999,9.0,NULL),
	('20937832','00025',2000,NULL,NULL),
	('20937832','00026',1999,3.0,2.0),
	('20937832','00026',2000,NULL,NULL),
	('20937832','00027',1999,7.0,NULL),
	('20937832','00028',2000,NULL,NULL),
	('20937832','00030',2000,NULL,NULL),
	('20937832','00031',2000,NULL,NULL),
	('22874843','00006',1999,0.0,1.0),
	('22874843','00006',2000,NULL,NULL),
	('22874843','00010',1999,1.0,7.0),
	('22874843','00011',2000,NULL,NULL),
	('22874843','00014',1999,5.0,NULL),
	('22874843','00015',2000,NULL,NULL),
	('22874843','00016',2000,NULL,NULL),
	('22874843','00018',1999,0.0,3.0),
	('22874843','00018',2000,NULL,NULL),
	('22874843','00019',2000,NULL,NULL),
	('22874843','00020',2000,NULL,NULL),
	('2315525','00043',2000,NULL,NULL),
	('2315525','00044',2000,NULL,NULL),
	('2315525','00045',2000,NULL,NULL),
	('2315525','00046',2000,NULL,NULL),
	('2315525','00047',2000,NULL,NULL),
	('2315525','00048',2000,NULL,NULL),
	('23435455','00043',2000,NULL,NULL),
	('23435455','00044',2000,NULL,NULL),
	('23435455','00045',2000,NULL,NULL),
	('23435455','00046',2000,NULL,NULL),
	('23435455','00047',2000,NULL,NULL),
	('23435455','00048',2000,NULL,NULL),
	('25254178','00035',1999,6.0,NULL),
	('25254178','00036',2000,NULL,NULL),
	('25254178','00037',1999,1.0,10.0),
	('25254178','00038',2000,NULL,NULL),
	('25254178','00039',1999,7.0,NULL),
	('25254178','00040',1999,10.0,NULL),
	('25254178','00041',2000,NULL,NULL),
	('25254178','00042',2000,NULL,NULL),
	('256418','00001',2000,NULL,NULL),
	('256418','00003',2000,NULL,NULL),
	('256418','00007',2000,NULL,NULL),
	('256418','00021',2000,NULL,NULL),
	('2574114','00035',1999,5.0,NULL),
	('2574114','00036',2000,NULL,NULL),
	('2574114','00037',1999,8.0,NULL),
	('2574114','00038',2000,NULL,NULL),
	('2574114','00039',1999,2.0,6.0),
	('2574114','00040',1999,1.0,2.0),
	('2574114','00040',2000,NULL,NULL),
	('2574114','00041',2000,NULL,NULL),
	('2574114','00042',2000,NULL,NULL),
	('2894123','00035',1999,7.0,NULL),
	('2894123','00036',2000,NULL,NULL),
	('2894123','00037',1999,1.0,5.0),
	('2894123','00038',2000,NULL,NULL),
	('2894123','00039',1999,6.0,NULL),
	('2894123','00040',1999,10.0,NULL),
	('2894123','00041',2000,NULL,NULL),
	('2894123','00042',2000,NULL,NULL),
	('32947683','00035',1999,1.0,2.0),
	('32947683','00035',2000,NULL,NULL),
	('32947683','00036',2000,NULL,NULL),
	('32947683','00037',1999,7.0,NULL),
	('32947683','00038',2000,NULL,NULL),
	('32947683','00039',1999,0.0,6.0),
	('32947683','00040',1999,6.0,NULL),
	('32947683','00041',2000,NULL,NULL),
	('32947683','00042',2000,NULL,NULL),
	('33333333','00043',2000,NULL,NULL),
	('33333333','00044',2000,NULL,NULL),
	('33333333','00045',2000,NULL,NULL),
	('33333333','00046',2000,NULL,NULL),
	('33333333','00047',2000,NULL,NULL),
	('33333333','00048',2000,NULL,NULL),
	('3546546','00001',2000,NULL,NULL),
	('3546546','00003',2000,NULL,NULL),
	('3546546','00007',2000,NULL,NULL),
	('3546546','00021',2000,NULL,NULL),
	('4566784','00043',1999,1.0,7.0),
	('4566784','00044',1999,7.0,NULL),
	('4566784','00045',1999,0.0,10.0),
	('4566784','00046',1999,2.0,2.0),
	('4566784','00046',2000,NULL,NULL),
	('4566784','00047',1999,1.0,3.0),
	('4566784','00047',2000,NULL,NULL),
	('4566784','00048',1999,1.0,2.0),
	('4566784','00048',2000,NULL,NULL),
	('4566784','00049',2000,NULL,NULL),
	('4566784','00050',2000,NULL,NULL),
	('4566784','00051',2000,NULL,NULL),
	('4566784','00052',2000,NULL,NULL),
	('4566784','00053',2000,NULL,NULL),
	('4566784','00054',2000,NULL,NULL),
	('4566784','00055',2000,NULL,NULL),
	('4566784','00056',2000,NULL,NULL),
	('4568418','00006',1999,3.0,0.0),
	('4568418','00006',2000,NULL,NULL),
	('4568418','00010',1999,0.0,2.0),
	('4568418','00010',2000,NULL,NULL),
	('4568418','00011',2000,NULL,NULL),
	('4568418','00014',1999,1.0,8.0),
	('4568418','00015',2000,NULL,NULL),
	('4568418','00016',2000,NULL,NULL),
	('4568418','00018',1999,0.0,3.0),
	('4568418','00018',2000,NULL,NULL),
	('4568418','00019',2000,NULL,NULL),
	('4568418','00020',2000,NULL,NULL),
	('4839392','00002',1999,8.0,NULL),
	('4839392','00004',1999,6.0,NULL),
	('4839392','00005',2000,NULL,NULL),
	('4839392','00008',1999,6.0,NULL),
	('4839392','00009',2000,NULL,NULL),
	('4839392','00012',1999,1.0,6.0),
	('4839392','00013',2000,NULL,NULL),
	('4839392','00017',2000,NULL,NULL),
	('5235323','00022',2000,NULL,NULL),
	('5235323','00023',2000,NULL,NULL),
	('5235323','00024',2000,NULL,NULL),
	('5235323','00026',2000,NULL,NULL),
	('5235323','00027',2000,NULL,NULL),
	('6373728','00049',1999,3.0,11.0),
	('6373728','00050',1999,0.0,9.0),
	('6373728','00051',1999,2.0,10.0),
	('6373728','00052',1999,0.0,7.0),
	('6373728','00053',1999,6.0,NULL),
	('6373728','00054',1999,9.0,NULL),
	('6373728','00055',1999,7.0,NULL),
	('6373728','00056',1999,3.0,7.0),
	('6373728','00057',2000,NULL,NULL),
	('6373728','00058',2000,NULL,NULL),
	('6373728','00059',2000,NULL,NULL),
	('6373728','00060',2000,NULL,NULL),
	('6373728','00061',2000,NULL,NULL),
	('6373728','00062',2000,NULL,NULL),
	('6373728','00063',2000,NULL,NULL),
	('6859236','00006',1999,0.0,10.0),
	('6859236','00010',1999,8.0,NULL),
	('6859236','00011',2000,NULL,NULL),
	('6859236','00014',1999,2.0,11.0),
	('6859236','00015',2000,NULL,NULL),
	('6859236','00016',2000,NULL,NULL),
	('6859236','00018',1999,7.0,NULL),
	('6859236','00019',2000,NULL,NULL),
	('6859236','00020',2000,NULL,NULL),
	('6883822','00043',2000,NULL,NULL),
	('6883822','00044',2000,NULL,NULL),
	('6883822','00045',2000,NULL,NULL),
	('6883822','00046',2000,NULL,NULL),
	('6883822','00047',2000,NULL,NULL),
	('6883822','00048',2000,NULL,NULL),
	('7112783','00005',1999,1.0,3.0),
	('7112783','00005',2000,NULL,NULL),
	('7112783','00006',2000,NULL,NULL),
	('7112783','00009',1999,8.0,NULL),
	('7112783','00010',2000,NULL,NULL),
	('7112783','00013',1999,1.0,0.0),
	('7112783','00013',2000,NULL,NULL),
	('7112783','00014',2000,NULL,NULL),
	('7112783','00017',1999,2.0,1.0),
	('7112783','00017',2000,NULL,NULL),
	('7112783','00018',2000,NULL,NULL),
	('7124874','00043',1999,7.0,NULL),
	('7124874','00044',1999,10.0,NULL),
	('7124874','00045',1999,2.0,2.0),
	('7124874','00045',2000,NULL,NULL),
	('7124874','00046',1999,9.0,NULL),
	('7124874','00047',1999,1.0,2.0),
	('7124874','00047',2000,NULL,NULL),
	('7124874','00048',1999,1.0,2.0),
	('7124874','00048',2000,NULL,NULL),
	('7124874','00049',2000,NULL,NULL),
	('7124874','00050',2000,NULL,NULL),
	('7124874','00051',2000,NULL,NULL),
	('7124874','00052',2000,NULL,NULL),
	('7124874','00053',2000,NULL,NULL),
	('7124874','00054',2000,NULL,NULL),
	('7124874','00055',2000,NULL,NULL),
	('7124874','00056',2000,NULL,NULL),
	('71259836','00035',1999,5.0,NULL),
	('71259836','00036',2000,NULL,NULL),
	('71259836','00037',1999,0.0,7.0),
	('71259836','00038',2000,NULL,NULL),
	('71259836','00039',1999,2.0,9.0),
	('71259836','00040',1999,0.0,2.0),
	('71259836','00040',2000,NULL,NULL),
	('71259836','00041',2000,NULL,NULL),
	('71259836','00042',2000,NULL,NULL),
	('71493016','00035',1999,5.0,NULL),
	('71493016','00036',2000,NULL,NULL),
	('71493016','00037',1999,0.0,9.0),
	('71493016','00038',2000,NULL,NULL),
	('71493016','00039',1999,1.0,9.0),
	('71493016','00040',1999,6.0,NULL),
	('71493016','00041',2000,NULL,NULL),
	('71493016','00042',2000,NULL,NULL),
	('7152638','00043',1999,8.0,NULL),
	('7152638','00044',1999,7.0,NULL),
	('7152638','00045',1999,3.0,8.0),
	('7152638','00046',1999,1.0,8.0),
	('7152638','00047',1999,1.0,9.0),
	('7152638','00048',1999,8.0,NULL),
	('7152638','00049',2000,NULL,NULL),
	('7152638','00050',2000,NULL,NULL),
	('7152638','00051',2000,NULL,NULL),
	('7152638','00052',2000,NULL,NULL),
	('7152638','00053',2000,NULL,NULL),
	('7152638','00054',2000,NULL,NULL),
	('7152638','00055',2000,NULL,NULL),
	('7152638','00056',2000,NULL,NULL),
	('71954201','00005',1999,5.0,NULL),
	('71954201','00006',2000,NULL,NULL),
	('71954201','00009',1999,0.0,1.0),
	('71954201','00009',2000,NULL,NULL),
	('71954201','00010',2000,NULL,NULL),
	('71954201','00013',1999,2.0,8.0),
	('71954201','00014',2000,NULL,NULL),
	('71954201','00017',1999,2.0,2.0),
	('71954201','00017',2000,NULL,NULL),
	('71954201','00018',2000,NULL,NULL),
	('7219752','00049',1999,0.0,8.0),
	('7219752','00050',1999,6.0,NULL),
	('7219752','00051',1999,7.0,NULL),
	('7219752','00052',1999,3.0,10.0),
	('7219752','00053',1999,9.0,NULL),
	('7219752','00054',1999,7.0,NULL),
	('7219752','00055',1999,2.0,10.0),
	('7219752','00056',1999,9.0,NULL),
	('7219752','00057',2000,NULL,NULL),
	('7219752','00058',2000,NULL,NULL),
	('7219752','00059',2000,NULL,NULL),
	('7219752','00060',2000,NULL,NULL),
	('7219752','00061',2000,NULL,NULL),
	('7219752','00062',2000,NULL,NULL),
	('7219752','00063',2000,NULL,NULL),
	('7251874','00043',2000,NULL,NULL),
	('7251874','00044',2000,NULL,NULL),
	('7251874','00045',2000,NULL,NULL),
	('7251874','00046',2000,NULL,NULL),
	('7251874','00047',2000,NULL,NULL),
	('7251874','00048',2000,NULL,NULL),
	('7282323','00005',1999,3.0,0.0),
	('7282323','00005',2000,NULL,NULL),
	('7282323','00006',2000,NULL,NULL),
	('7282323','00009',1999,0.0,5.0),
	('7282323','00010',2000,NULL,NULL),
	('7282323','00013',1999,3.0,3.0),
	('7282323','00013',2000,NULL,NULL),
	('7282323','00014',2000,NULL,NULL),
	('7282323','00017',1999,3.0,6.0),
	('7282323','00018',2000,NULL,NULL),
	('7301387','00022',1999,1.0,1.0),
	('7301387','00022',2000,NULL,NULL),
	('7301387','00023',1999,1.0,0.0),
	('7301387','00023',2000,NULL,NULL),
	('7301387','00024',1999,0.0,10.0),
	('7301387','00025',2000,NULL,NULL),
	('7301387','00026',1999,3.0,8.0),
	('7301387','00027',1999,1.0,7.0),
	('7301387','00028',2000,NULL,NULL),
	('7301387','00030',2000,NULL,NULL),
	('7301387','00031',2000,NULL,NULL),
	('7326263','00001',2000,NULL,NULL),
	('7326263','00003',2000,NULL,NULL),
	('7326263','00007',2000,NULL,NULL),
	('7326263','00021',2000,NULL,NULL),
	('7348383','00035',1999,6.0,NULL),
	('7348383','00036',2000,NULL,NULL),
	('7348383','00037',1999,0.0,8.0),
	('7348383','00038',2000,NULL,NULL),
	('7348383','00039',1999,1.0,8.0),
	('7348383','00040',1999,9.0,NULL),
	('7348383','00041',2000,NULL,NULL),
	('7348383','00042',2000,NULL,NULL),
	('7389298','00043',1999,8.0,NULL),
	('7389298','00044',1999,7.0,NULL),
	('7389298','00045',1999,1.0,6.0),
	('7389298','00046',1999,6.0,NULL),
	('7389298','00047',1999,5.0,NULL),
	('7389298','00048',1999,8.0,NULL),
	('7389298','00049',2000,NULL,NULL),
	('7389298','00050',2000,NULL,NULL),
	('7389298','00051',2000,NULL,NULL),
	('7389298','00052',2000,NULL,NULL),
	('7389298','00053',2000,NULL,NULL),
	('7389298','00054',2000,NULL,NULL),
	('7389298','00055',2000,NULL,NULL),
	('7389298','00056',2000,NULL,NULL),
	('7395860','00049',1999,10.0,NULL),
	('7395860','00050',1999,9.0,NULL),
	('7395860','00051',1999,0.0,11.0),
	('7395860','00052',1999,3.0,6.0),
	('7395860','00053',1999,3.0,8.0),
	('7395860','00054',1999,2.0,7.0),
	('7395860','00055',1999,8.0,NULL),
	('7395860','00056',1999,8.0,NULL),
	('7395860','00057',2000,NULL,NULL),
	('7395860','00058',2000,NULL,NULL),
	('7395860','00059',2000,NULL,NULL),
	('7395860','00060',2000,NULL,NULL),
	('7395860','00061',2000,NULL,NULL),
	('7395860','00062',2000,NULL,NULL),
	('7395860','00063',2000,NULL,NULL),
	('74013298b','00064',2012,NULL,NULL),
	('74196599','00043',1999,3.0,9.0),
	('74196599','00044',1999,1.0,9.0),
	('74196599','00045',1999,7.0,NULL),
	('74196599','00046',1999,1.0,11.0),
	('74196599','00047',1999,2.0,9.0),
	('74196599','00048',1999,1.0,9.0),
	('74196599','00049',2000,NULL,NULL),
	('74196599','00050',2000,NULL,NULL),
	('74196599','00051',2000,NULL,NULL),
	('74196599','00052',2000,NULL,NULL),
	('74196599','00053',2000,NULL,NULL),
	('74196599','00054',2000,NULL,NULL),
	('74196599','00055',2000,NULL,NULL),
	('74196599','00056',2000,NULL,NULL),
	('7425362','00025',1999,0.0,5.0),
	('7425362','00028',1999,7.0,NULL),
	('7425362','00029',2000,NULL,NULL),
	('7425362','00030',1999,9.0,NULL),
	('7425362','00031',1999,2.0,6.0),
	('7425362','00032',2000,NULL,NULL),
	('7425362','00033',2000,NULL,NULL),
	('7425362','00034',2000,NULL,NULL),
	('7432653','00005',1999,1.0,0.0),
	('7432653','00005',2000,NULL,NULL),
	('7432653','00006',2000,NULL,NULL),
	('7432653','00009',1999,6.0,NULL),
	('7432653','00010',2000,NULL,NULL),
	('7432653','00013',1999,1.0,0.0),
	('7432653','00013',2000,NULL,NULL),
	('7432653','00014',2000,NULL,NULL),
	('7432653','00017',1999,2.0,2.0),
	('7432653','00017',2000,NULL,NULL),
	('7432653','00018',2000,NULL,NULL),
	('7453920','00049',1999,2.0,1.0),
	('7453920','00049',2000,NULL,NULL),
	('7453920','00050',1999,9.0,NULL),
	('7453920','00051',1999,3.0,3.0),
	('7453920','00051',2000,NULL,NULL),
	('7453920','00052',1999,6.0,NULL),
	('7453920','00053',1999,3.0,1.0),
	('7453920','00053',2000,NULL,NULL),
	('7453920','00054',1999,1.0,2.0),
	('7453920','00054',2000,NULL,NULL),
	('7453920','00055',1999,3.0,1.0),
	('7453920','00055',2000,NULL,NULL),
	('7453920','00056',1999,1.0,2.0),
	('7453920','00056',2000,NULL,NULL),
	('7453920','00057',2000,NULL,NULL),
	('7453920','00058',2000,NULL,NULL),
	('7453920','00059',2000,NULL,NULL),
	('7453920','00060',2000,NULL,NULL),
	('7453920','00061',2000,NULL,NULL),
	('7453920','00062',2000,NULL,NULL),
	('7453920','00063',2000,NULL,NULL),
	('74567890','00043',1999,2.0,2.0),
	('74567890','00043',2000,NULL,NULL),
	('74567890','00044',1999,2.0,1.0),
	('74567890','00044',2000,NULL,NULL),
	('74567890','00045',1999,9.0,NULL),
	('74567890','00046',1999,0.0,0.0),
	('74567890','00046',2000,NULL,NULL),
	('74567890','00047',1999,3.0,7.0),
	('74567890','00048',1999,2.0,3.0),
	('74567890','00048',2000,NULL,NULL),
	('74567890','00049',2000,NULL,NULL),
	('74567890','00050',2000,NULL,NULL),
	('74567890','00051',2000,NULL,NULL),
	('74567890','00052',2000,NULL,NULL),
	('74567890','00053',2000,NULL,NULL),
	('74567890','00054',2000,NULL,NULL),
	('74567890','00055',2000,NULL,NULL),
	('74567890','00056',2000,NULL,NULL),
	('7462906','00006',1999,3.0,2.0),
	('7462906','00006',2000,NULL,NULL),
	('7462906','00010',1999,6.0,NULL),
	('7462906','00011',2000,NULL,NULL),
	('7462906','00014',1999,2.0,2.0),
	('7462906','00014',2000,NULL,NULL),
	('7462906','00015',2000,NULL,NULL),
	('7462906','00016',2000,NULL,NULL),
	('7462906','00018',1999,1.0,3.0),
	('7462906','00018',2000,NULL,NULL),
	('7462906','00019',2000,NULL,NULL),
	('7462906','00020',2000,NULL,NULL),
	('7823172','00049',1999,8.0,NULL),
	('7823172','00050',1999,6.0,NULL),
	('7823172','00051',1999,9.0,NULL),
	('7823172','00052',1999,2.0,9.0),
	('7823172','00053',1999,10.0,NULL),
	('7823172','00054',1999,8.0,NULL),
	('7823172','00055',1999,2.0,8.0),
	('7823172','00056',1999,7.0,NULL),
	('7823172','00057',2000,NULL,NULL),
	('7823172','00058',2000,NULL,NULL),
	('7823172','00059',2000,NULL,NULL),
	('7823172','00060',2000,NULL,NULL),
	('7823172','00061',2000,NULL,NULL),
	('7823172','00062',2000,NULL,NULL),
	('7823172','00063',2000,NULL,NULL),
	('7828645','00049',1999,3.0,5.0),
	('7828645','00050',1999,7.0,NULL),
	('7828645','00051',1999,0.0,5.0),
	('7828645','00052',1999,3.0,8.0),
	('7828645','00053',1999,9.0,NULL),
	('7828645','00054',1999,9.0,NULL),
	('7828645','00055',1999,3.0,6.0),
	('7828645','00056',1999,7.0,NULL),
	('7828645','00057',2000,NULL,NULL),
	('7828645','00058',2000,NULL,NULL),
	('7828645','00059',2000,NULL,NULL),
	('7828645','00060',2000,NULL,NULL),
	('7828645','00061',2000,NULL,NULL),
	('7828645','00062',2000,NULL,NULL),
	('7828645','00063',2000,NULL,NULL),
	('7829354','00043',1999,9.0,NULL),
	('7829354','00044',1999,3.0,9.0),
	('7829354','00045',1999,9.0,NULL),
	('7829354','00046',1999,2.0,6.0),
	('7829354','00047',1999,2.0,10.0),
	('7829354','00048',1999,9.0,NULL),
	('7829354','00049',2000,NULL,NULL),
	('7829354','00050',2000,NULL,NULL),
	('7829354','00051',2000,NULL,NULL),
	('7829354','00052',2000,NULL,NULL),
	('7829354','00053',2000,NULL,NULL),
	('7829354','00054',2000,NULL,NULL),
	('7829354','00055',2000,NULL,NULL),
	('7829354','00056',2000,NULL,NULL),
	('7838294','00043',2000,NULL,NULL),
	('7838294','00044',2000,NULL,NULL),
	('7838294','00045',2000,NULL,NULL),
	('7838294','00046',2000,NULL,NULL),
	('7838294','00047',2000,NULL,NULL),
	('7838294','00048',2000,NULL,NULL),
	('7839282','00022',1999,2.0,3.0),
	('7839282','00022',2000,NULL,NULL),
	('7839282','00023',1999,3.0,3.0),
	('7839282','00023',2000,NULL,NULL),
	('7839282','00024',1999,0.0,2.0),
	('7839282','00024',2000,NULL,NULL),
	('7839282','00025',2000,NULL,NULL),
	('7839282','00026',1999,0.0,3.0),
	('7839282','00026',2000,NULL,NULL),
	('7839282','00027',1999,0.0,9.0),
	('7839282','00028',2000,NULL,NULL),
	('7839282','00030',2000,NULL,NULL),
	('7839282','00031',2000,NULL,NULL),
	('7839293','00043',1999,5.0,NULL),
	('7839293','00044',1999,3.0,0.0),
	('7839293','00044',2000,NULL,NULL),
	('7839293','00045',1999,2.0,3.0),
	('7839293','00045',2000,NULL,NULL),
	('7839293','00046',1999,2.0,7.0),
	('7839293','00047',1999,6.0,NULL),
	('7839293','00048',1999,1.0,8.0),
	('7839293','00049',2000,NULL,NULL),
	('7839293','00050',2000,NULL,NULL),
	('7839293','00051',2000,NULL,NULL),
	('7839293','00052',2000,NULL,NULL),
	('7839293','00053',2000,NULL,NULL),
	('7839293','00054',2000,NULL,NULL),
	('7839293','00055',2000,NULL,NULL),
	('7839293','00056',2000,NULL,NULL),
	('7851489','00043',2000,NULL,NULL),
	('7851489','00044',2000,NULL,NULL),
	('7851489','00045',2000,NULL,NULL),
	('7851489','00046',2000,NULL,NULL),
	('7851489','00047',2000,NULL,NULL),
	('7851489','00048',2000,NULL,NULL),
	('7897445','00001',2000,NULL,NULL),
	('7897445','00003',2000,NULL,NULL),
	('7897445','00007',2000,NULL,NULL),
	('7897445','00021',2000,NULL,NULL),
	('8000202','00043',2000,NULL,NULL),
	('8000202','00044',2000,NULL,NULL),
	('8000202','00045',2000,NULL,NULL),
	('8000202','00046',2000,NULL,NULL),
	('8000202','00047',2000,NULL,NULL),
	('8000202','00048',2000,NULL,NULL),
	('8382939','00043',2000,NULL,NULL),
	('8382939','00044',2000,NULL,NULL),
	('8382939','00045',2000,NULL,NULL),
	('8382939','00046',2000,NULL,NULL),
	('8382939','00047',2000,NULL,NULL),
	('8382939','00048',2000,NULL,NULL),
	('8393920','00001',1999,0.0,3.0),
	('8393920','00001',2000,NULL,NULL),
	('8393920','00002',2000,NULL,NULL),
	('8393920','00003',1999,9.0,NULL),
	('8393920','00004',2000,NULL,NULL),
	('8393920','00007',1999,3.0,1.0),
	('8393920','00007',2000,NULL,NULL),
	('8393920','00008',2000,NULL,NULL),
	('8393920','00012',2000,NULL,NULL),
	('8393920','00021',1999,9.0,NULL),
	('8433839','00022',2000,NULL,NULL),
	('8433839','00023',2000,NULL,NULL),
	('8433839','00024',2000,NULL,NULL),
	('8433839','00026',2000,NULL,NULL),
	('8433839','00027',2000,NULL,NULL),
	('8663873','00025',1999,1.0,3.0),
	('8663873','00025',2000,NULL,NULL),
	('8663873','00028',1999,8.0,NULL),
	('8663873','00029',2000,NULL,NULL),
	('8663873','00030',1999,0.0,1.0),
	('8663873','00030',2000,NULL,NULL),
	('8663873','00031',1999,2.0,3.0),
	('8663873','00031',2000,NULL,NULL),
	('8663873','00032',2000,NULL,NULL),
	('8663873','00033',2000,NULL,NULL),
	('8663873','00034',2000,NULL,NULL),
	('8939302','00035',1999,2.0,9.0),
	('8939302','00036',2000,NULL,NULL),
	('8939302','00037',1999,9.0,NULL),
	('8939302','00038',2000,NULL,NULL),
	('8939302','00039',1999,2.0,1.0),
	('8939302','00039',2000,NULL,NULL),
	('8939302','00040',1999,0.0,6.0),
	('8939302','00041',2000,NULL,NULL),
	('8939302','00042',2000,NULL,NULL),
	('8939392','00029',1999,2.0,3.0),
	('8939392','00029',2000,NULL,NULL),
	('8939392','00032',1999,2.0,1.0),
	('8939392','00032',2000,NULL,NULL),
	('8939392','00033',1999,8.0,NULL),
	('8939392','00034',1999,3.0,1.0),
	('8939392','00034',2000,NULL,NULL),
	('8939392','00035',2000,NULL,NULL),
	('8939392','00037',2000,NULL,NULL),
	('8939392','00039',2000,NULL,NULL),
	('8939392','00040',2000,NULL,NULL),
	('9029648','00043',1999,9.0,NULL),
	('9029648','00044',1999,1.0,1.0),
	('9029648','00044',2000,NULL,NULL),
	('9029648','00045',1999,0.0,1.0),
	('9029648','00045',2000,NULL,NULL),
	('9029648','00046',1999,5.0,NULL),
	('9029648','00047',1999,2.0,9.0),
	('9029648','00048',1999,3.0,7.0),
	('9029648','00049',2000,NULL,NULL),
	('9029648','00050',2000,NULL,NULL),
	('9029648','00051',2000,NULL,NULL),
	('9029648','00052',2000,NULL,NULL),
	('9029648','00053',2000,NULL,NULL),
	('9029648','00054',2000,NULL,NULL),
	('9029648','00055',2000,NULL,NULL),
	('9029648','00056',2000,NULL,NULL),
	('9262873','00001',1999,8.0,NULL),
	('9262873','00002',2000,NULL,NULL),
	('9262873','00003',1999,9.0,NULL),
	('9262873','00004',2000,NULL,NULL),
	('9262873','00007',1999,8.0,NULL),
	('9262873','00008',2000,NULL,NULL),
	('9262873','00012',2000,NULL,NULL),
	('9262873','00021',1999,1.0,0.0),
	('9262873','00021',2000,NULL,NULL);

/*!40000 ALTER TABLE `alumno_asignatura` ENABLE KEYS */;
UNLOCK TABLES;


# Volcado de tabla asignatura
# ------------------------------------------------------------

DROP TABLE IF EXISTS `asignatura`;

CREATE TABLE `asignatura` (
  `CODIGO` char(5) NOT NULL,
  `NOMBRE` varchar(20) DEFAULT NULL,
  `CURSO` smallint(6) DEFAULT NULL,
  `CREDITOS` decimal(5,0) DEFAULT NULL,
  `OPTATIVA` char(1) DEFAULT NULL,
  `ID_CARRERA` char(3) DEFAULT NULL,
  `ID_DEPARTAMENTO` char(3) DEFAULT NULL,
  PRIMARY KEY (`CODIGO`),
  KEY `FK_asignatura_carrera` (`ID_CARRERA`),
  KEY `FK_asignatura_departamento` (`ID_DEPARTAMENTO`),
  CONSTRAINT `FK_asignatura_carrera` FOREIGN KEY (`ID_CARRERA`) REFERENCES `carrera` (`CODIGO`) ON UPDATE CASCADE,
  CONSTRAINT `FK_asignatura_departamento` FOREIGN KEY (`ID_DEPARTAMENTO`) REFERENCES `departamento` (`CODIGO`) ON UPDATE CASCADE
) ENGINE=InnoDB DEFAULT CHARSET=utf8;

LOCK TABLES `asignatura` WRITE;
/*!40000 ALTER TABLE `asignatura` DISABLE KEYS */;

INSERT INTO `asignatura` (`CODIGO`, `NOMBRE`, `CURSO`, `CREDITOS`, `OPTATIVA`, `ID_CARRERA`, `ID_DEPARTAMENTO`)
VALUES
	('00001','ALGEBRA I',1,15,'N','005','014'),
	('00002','ALGEBRA II',2,15,'N','005','014'),
	('00003','GEOMETRIA I',1,15,'N','005','014'),
	('00004','GEOMETRIA II',2,15,'N','005','014'),
	('00005','GEOMETRIA III',3,15,'N','005','014'),
	('00006','GEOMETRIA IV',4,15,'N','005','014'),
	('00007','ANALISIS MATEMAT. I',1,15,'N','005','014'),
	('00008','ANALISIS MATEMAT. II',2,15,'N','005','014'),
	('00009','ANALISIS MATEMAT.III',3,15,'N','005','014'),
	('00010','ANALISIS MATEMAT. IV',4,15,'N','005','014'),
	('00011','ANALISIS MATEMAT. V',5,15,'N','005','014'),
	('00012','CALCULO PROB.Y ESTD.',2,15,'N','005','014'),
	('00013','TOPOLOGIA GENERAL',3,15,'N','005','014'),
	('00014','TOPOLG.ALGEBRAICA I',4,12,'N','005','014'),
	('00015','TOPOLG.ALGEBRAICA II',5,15,'S','005','014'),
	('00016','TOPOLG. DIFERENCIAL',5,12,'S','005','014'),
	('00017','MET.MAT.DE FISICA I',3,15,'N','005','014'),
	('00018','MET.MAT.DE FISICA II',4,15,'N','005','014'),
	('00019','GEOMETRIA ALGEBRAICA',5,12,'S','005','014'),
	('00020','TEORIA DE LA PROBAB.',5,15,'S','005','014'),
	('00021','INGLES',1,9,'N','005','010'),
	('00022','FISICA GENERAL',1,15,'N','003','012'),
	('00023','ALGEBRA LIN. Y GEOM.',1,15,'N','003','014'),
	('00024','ANALISIS MATEMAT. I',1,15,'N','003','014'),
	('00025','ANALISIS MATEMAT. II',2,15,'N','003','014'),
	('00026','QUIMICA GENERAL',1,15,'N','003','004'),
	('00027','INGLES',1,9,'N','003','010'),
	('00028','MET.MAT.DE FISICA I',2,15,'N','003','014'),
	('00029','MET.MAT.DE FISICA II',3,15,'N','003','014'),
	('00030','MECANICA Y ONDAS',2,15,'N','003','012'),
	('00031','TERMOLOGIA',2,15,'N','003','012'),
	('00032','ELECTRICIDAD Y MAG.',3,15,'N','003','011'),
	('00033','OPTICA',3,15,'N','003','012'),
	('00034','FISICA CUANTICA',3,15,'N','003','012'),
	('00035','ELECTROMAGNETISMO I',4,15,'N','003','011'),
	('00036','ELECTROMAGNETISMO II',5,15,'N','003','011'),
	('00037','ELECTRONICA I',4,15,'N','003','011'),
	('00038','ELECTRONICA II',5,15,'N','003','011'),
	('00039','ELECTROTECNIA',4,15,'N','003','011'),
	('00040','AUTOMATICA I',4,15,'N','003','011'),
	('00041','AUTOMATICA II',5,15,'N','003','011'),
	('00042','INFORMATICA',5,15,'N','003','015'),
	('00043','ALGEBRA',1,15,'N','006','014'),
	('00044','ANALISIS MATEMATICO',1,15,'N','006','014'),
	('00045','FISICA',1,15,'N','006','012'),
	('00046','INTR. COMPUTADORES',1,12,'N','006','015'),
	('00047','INTR. PROGRAMACION',1,12,'N','006','015'),
	('00048','INGLES',1,11,'N','006','010'),
	('00049','INTR.PAQUET.ESTADIS.',2,6,'S','006','014'),
	('00050','ESTADIST.Y PROBABIL.',2,15,'N','006','014'),
	('00051','ELECTRONICA Y S.DIG.',2,15,'N','006','011'),
	('00052','ARQUITECT.COMPUTADO.',2,15,'N','006','011'),
	('00053','BASES DE DATOS',2,15,'N','006','015'),
	('00054','SISTEMAS OPERATIVOS',2,15,'N','006','015'),
	('00055','DISEÑO CAD/CAM',2,6,'S','006','015'),
	('00056','INGLES',2,11,'N','006','010'),
	('00057','T.SEÑAL Y TRA.DATOS',3,15,'N','006','015'),
	('00058','MATEMATICA DISCRETA',3,15,'N','006','014'),
	('00059','TELEINFORMATICA',3,15,'N','006','015'),
	('00060','INGENIERIA SOFTWARE',3,6,'S','006','015'),
	('00061','MOD.Y SIMUL.SISTEMAS',3,15,'N','006','015'),
	('00062','INTR.PAQ.ESTADISTIC.',3,6,'S','006','014'),
	('00063','I.ARTIF.Y SIS.EXPER.',3,6,'S','006','015'),
	('00064','PROG. ORIENT. OBJ.',3,6,'S','006','015'),
	('65','Base de Datos',1,18,'n','006','015'),
	('66','Programacion',3,18,'n','006','015'),
	('BD','Base de Datos',NULL,NULL,NULL,NULL,'001');

/*!40000 ALTER TABLE `asignatura` ENABLE KEYS */;
UNLOCK TABLES;


# Volcado de tabla carrera
# ------------------------------------------------------------

DROP TABLE IF EXISTS `carrera`;

CREATE TABLE `carrera` (
  `CODIGO` char(3) NOT NULL,
  `NOMBRE` varchar(20) DEFAULT NULL,
  `TIPO` char(1) DEFAULT NULL,
  `CREDITOS` decimal(5,0) DEFAULT NULL,
  PRIMARY KEY (`CODIGO`)
) ENGINE=InnoDB DEFAULT CHARSET=utf8;

LOCK TABLES `carrera` WRITE;
/*!40000 ALTER TABLE `carrera` DISABLE KEYS */;

INSERT INTO `carrera` (`CODIGO`, `NOMBRE`, `TIPO`, `CREDITOS`)
VALUES
	('001','BELLAS ARTES','L',263),
	('002','BIOLOGIA','L',291),
	('003','CIENCIAS FISICAS','L',309),
	('004','CIENCIAS GEOLOGICAS','L',291),
	('005','CIENCIAS MATEMATICAS','L',273),
	('006','INFORMATICA','D',464),
	('007','SOCIOLOGIA','L',250),
	('008','TRABAJO SOCIAL','D',428),
	('009','DERECHO','L',254),
	('010','FARMACIA','L',273),
	('011','FILOLOGIA','L',250),
	('012','CIENCIAS QUIMICAS','L',309),
	('013','BIBLIOTECONOMIA Y D.','D',464),
	('014','ENFERMERIA','D',471),
	('015','FISIOTERAPIA','D',471);

/*!40000 ALTER TABLE `carrera` ENABLE KEYS */;
UNLOCK TABLES;


# Volcado de tabla categoria
# ------------------------------------------------------------

DROP TABLE IF EXISTS `categoria`;

CREATE TABLE `categoria` (
  `CODIGO` char(1) NOT NULL,
  `NOMBRE` varchar(10) DEFAULT NULL,
  `SALARIO` decimal(9,0) DEFAULT NULL,
  `TRIENIOS` smallint(6) DEFAULT NULL,
  PRIMARY KEY (`CODIGO`)
) ENGINE=InnoDB DEFAULT CHARSET=utf8;

LOCK TABLES `categoria` WRITE;
/*!40000 ALTER TABLE `categoria` DISABLE KEYS */;

INSERT INTO `categoria` (`CODIGO`, `NOMBRE`, `SALARIO`, `TRIENIOS`)
VALUES
	('0','EMERITO',4500000,3),
	('1','CAT. UNI.',5000000,3),
	('2','TIT. UNI.',4300000,2),
	('3','CAT. E.U.',4200000,2),
	('4','TIT. E.U.',3500000,2),
	('5','AYUDANTE',2700000,1),
	('6','ASOCIADO',2100000,1),
	('7','ASOCIADO 6',1300000,1);

/*!40000 ALTER TABLE `categoria` ENABLE KEYS */;
UNLOCK TABLES;


# Volcado de tabla departamento
# ------------------------------------------------------------

DROP TABLE IF EXISTS `departamento`;

CREATE TABLE `departamento` (
  `CODIGO` char(3) NOT NULL DEFAULT '',
  `NOMBRE` varchar(20) DEFAULT NULL,
  `DIRECCION` varchar(30) DEFAULT NULL,
  `LOCALIDAD` varchar(19) DEFAULT NULL,
  `PROVINCIA` varchar(19) DEFAULT NULL,
  `CODIGO_POSTAL` char(5) DEFAULT NULL,
  `TELEFONO` varchar(10) DEFAULT NULL,
  PRIMARY KEY (`CODIGO`)
) ENGINE=InnoDB DEFAULT CHARSET=utf8;

LOCK TABLES `departamento` WRITE;
/*!40000 ALTER TABLE `departamento` DISABLE KEYS */;

INSERT INTO `departamento` (`CODIGO`, `NOMBRE`, `DIRECCION`, `LOCALIDAD`, `PROVINCIA`, `CODIGO_POSTAL`, `TELEFONO`)
VALUES
	('001','BIOLOGIA CELULAR','AVD. CAMPO CHARRO,S/N','SALAMANCA','SALAMANCA','37007','923-294549'),
	('002','BIOLOGIA VEGETAL','AVD. CAMPO CHARRO,S/N','SALAMANCA','SALAMANCA','37007','923-294549'),
	('003','BIOQUIMICA','AVD. CAMPO CHARRO,S/N','SALAMANCA','SALAMANCA','37007','923-294400'),
	('004','QUIMICA FISICA','PLAZA DE LA MERCED, S/N','SALAMANCA','SALAMANCA','37008','923-294486'),
	('005','DERECHO PRIVADO','C/ FRANCISCO VITORIA,6-16','SALAMANCA','SALAMANCA','37008','923-294441'),
	('006','DERECHO PUBLICO','C/ FRANCISCO VITORIA,6-16','SALAMANCA','SALAMANCA','37008','923-219306'),
	('007','ENFERMERIA','C/ ESPEJO, 2-12','SALAMANCA','SALAMANCA','37007','923-214535'),
	('008','ESTADISTICA','C/ FONSECA, S/N','SALAMANCA','SALAMANCA','37007','923-210085'),
	('009','FILOLOGIA FRANCESA','PLAZA DE ANAYA, S/N','SALAMANCA','SALAMANCA','37008','923-294400'),
	('010','FILOLOGIA MODERNA','PLAZA DE ANAYA, S/N','SALAMANCA','SALAMANCA','37008','923-294400'),
	('011','FISICA APLICADA','PLAZA DE LA MERCED, S/N','SALAMANCA','SALAMANCA','37008','923-294439'),
	('012','FISICA GENERAL','PLAZA DE LA MERCED, S/N','SALAMANCA','SALAMANCA','37008','923-294438'),
	('013','GEOLOGIA','PLAZA DE LA MERCED, S/N','SALAMANCA','SALAMANCA','37008','923-294491'),
	('014','MAT. PURA Y APLICADA','PLAZA DE LA MERCED, S/N','SALAMANCA','SALAMANCA','37008','923-294439'),
	('015','INFORMATICA','PLAZA DE LA MERCED S/N','SALAMANCA','SALAMANCA','37008','923-294325');

/*!40000 ALTER TABLE `departamento` ENABLE KEYS */;
UNLOCK TABLES;


# Volcado de tabla profesor
# ------------------------------------------------------------

DROP TABLE IF EXISTS `profesor`;

CREATE TABLE `profesor` (
  `DNI` char(10) NOT NULL DEFAULT '',
  `APELLIDO_1` varchar(18) DEFAULT NULL,
  `APELLIDO_2` varchar(18) DEFAULT NULL,
  `NOMBRE` varchar(18) DEFAULT NULL,
  `DIRECCION` varchar(30) DEFAULT NULL,
  `LOCALIDAD` varchar(19) DEFAULT NULL,
  `PROVINCIA` varchar(19) DEFAULT NULL,
  `FECHA_INGRESO` date DEFAULT NULL,
  `ID_CATEGORIA` char(1) DEFAULT NULL,
  `ID_DEPARTAMENTO` char(3) DEFAULT NULL,
  PRIMARY KEY (`DNI`),
  KEY `FK_PROFES_cod_cat` (`ID_CATEGORIA`),
  KEY `FK_PROFES_cod_depto` (`ID_DEPARTAMENTO`),
  CONSTRAINT `FK_profesor_categoria` FOREIGN KEY (`ID_CATEGORIA`) REFERENCES `categoria` (`CODIGO`) ON UPDATE CASCADE,
  CONSTRAINT `FK_profesor_departamento` FOREIGN KEY (`ID_DEPARTAMENTO`) REFERENCES `departamento` (`CODIGO`) ON UPDATE CASCADE
) ENGINE=InnoDB DEFAULT CHARSET=utf8;

LOCK TABLES `profesor` WRITE;
/*!40000 ALTER TABLE `profesor` DISABLE KEYS */;

INSERT INTO `profesor` (`DNI`, `APELLIDO_1`, `APELLIDO_2`, `NOMBRE`, `DIRECCION`, `LOCALIDAD`, `PROVINCIA`, `FECHA_INGRESO`, `ID_CATEGORIA`, `ID_DEPARTAMENTO`)
VALUES
	('10225254','PRIETO','GOMEZ','MODESTO','PRIOR, 8','SALAMANCA','SALAMANCA','1975-01-12','5','014'),
	('10258493','HERRERO','ALONSO','IVAN','MANUEL DE FALLA, 8','SALAMANCA','SALAMANCA','1987-07-07','3','014'),
	('11548668','ZARZO','ALVAREZ','VICENTE','VALPARAISO, 34','ZAMORA','ZAMORA','1986-07-22','1','011'),
	('12002022','MARTIN','ALMARAZ','BENEDICTO','ALFONSO XIII, 12','SALAMANCA','SALAMANCA','1959-01-01','1','004'),
	('1213554','MARTINEZ','CACERES','DIEGO','MALLORCA, 7','CALVARRASA','SALAMANCA','1983-12-06','1','015'),
	('12541225','BELTRAN','RIVAS','DAMIAN','CALATAÑAZOR, 12','VILLORIA','SALAMANCA','1992-10-11','3','015'),
	('12548528','JIMENEZ','ESTEVEZ','CARLOS','PEÑA FRANCIA, 3','SALAMANCA','SALAMANCA','1991-12-06','3','011'),
	('15154258','PINTO','ALONSO','JOSE LUIS','','SALAMANCA','SALAMANCA','1992-01-01','5','014'),
	('23546822','AMORES','DIEGO','LUIS',NULL,'SALAMANCA','SALAMANCA','1988-01-12','4','012'),
	('2544185','POZO','CAMPOS','FEDERICO','PLAZA DEL MERCADO, 2','SALAMANCA','SALAMANCA','1969-07-30','3','015'),
	('25869447','MANJON','VICENTE','MANUEL','ACACIAS, 9','VALDUNCIEL','SALAMANCA','1982-07-12','2','012'),
	('25956345','CHILLON','RAMON','JOSE PEDRO','BIENTOCADAS, 7','SALVATIERRA','SALAMANCA','1957-11-12','3','015'),
	('4564654','LAZARO','ALONSO','JUAN','AZAFRANAL, 67','ALBA DE TORMES','SALAMANCA','1972-12-02','3','015'),
	('5646582','BARBERO','CAMPO','ADOLFO','NAZARET, 21','CARBAJOSA','SALAMANCA','1990-08-09','4','014'),
	('5849632','CALVO','RUBIO','AUGUSTO','COMUNEROS, 8','GUIJUELO','SALAMANCA','1967-12-01','3','012'),
	('6727288','ALVAREZ','FRANCO','FRANCISCO','IGLESIA, 22','SALAMANCA','SALAMANCA','1961-08-08','2','011'),
	('70158965','GUTIERREZ','OLVEIRA','JUAN ANGEL','SANTIAGO, 34','SALAMANCA','SALAMANCA','1981-10-05','3','014'),
	('7059824','HERNANDEZ','GUERRA','FELIX','FEDERICO ANAYA, 4','SALAMANCA','SALAMANCA','1980-05-03','2','011'),
	('7092356','GONZALEZ','MARTIN','FERNANDO','SERRANO, 3','SALAMANCA','SALAMANCA','1991-09-07','4','014'),
	('7095451','SANTOS','RUIZ','JOSE MARIA','FEDERICO ANAYA,14','SALAMANCA','SALAMANCA','1971-06-21','1','014'),
	('71002584','DIAZ','JIMENEZ','FRANCISCO','RUA, 14','SALAMANCA','SALAMANCA','1992-11-11','6','011'),
	('71025489','RODRIGUEZ','CAMP','FEDERICO','SAN JUAN, 23','SALAMANCA','SALAMANCA','1970-02-23','1','014'),
	('71098542','SANCHEZ','PRADO','JESUS','LOS OLIVOS, 21','SALAMANCA','SALAMANCA','1981-05-25','3','014'),
	('7125489','MARTIN','IGLESIAS','DEMETRIO','SAN JUSTO, 3','SALAMANCA','SALAMANCA','1986-02-20','3','011'),
	('7125698','MARTINEZ','SOTILLO','JOSE MANUEL','MADRID, 3','SALAMANCA','SALAMANCA','1991-10-01','3','011'),
	('71526845','GOMEZ','PREDA','ANA MARIA','SAN BLAS, 5','SALAMANCA','SALAMANCA','1970-12-03','1','012'),
	('7167965','DOMINGUEZ','PEREZ','PILAR','FONSECA, 34','SALAMANCA','SALAMANCA','1990-07-29','6','010'),
	('7254186','MARCOS','MARTIN','ISABEL','ITALIA, 45','SALAMANCA','SALAMANCA','1993-06-01','6','014'),
	('7542512','MERCHAN','OLIVERA','M.ISABEL','AYALA, 2','SALAMANCA','SALAMANCA','1970-03-21','1','011'),
	('7545669','RIAGAS','GONZALEZ','EDUARDO','S. AGUSTIN, 56','ZAMORA','ZAMORA','1957-10-21','2','015'),
	('7569234','GARCIA','NAVA','GRACIAN','CRUZ DE CARAVACA, 10','SALAMANCA','SALAMANCA','1991-12-08','3','011'),
	('7828282','ABILIO','MUÑOZ','HIGINIO','VILLANUEVA, 10','BEJAR','SALAMANCA','1960-12-10','1','012'),
	('7838292','RUBIO','TOBILLO','VIDAL','BIENTOCADAS, 10','Fuente Albilla','SALAMANCA','1968-01-28','6','010'),
	('7845945','RUBIO','LAPORTA','RAMON','PRINCESA, 12','SALAMANCA','SALAMANCA','1990-05-02','7','010'),
	('7895421','MENDEZ','PEREZ','ANGELA','LA MERCED, 3','SALAMANCA','SALAMANCA','1990-05-21','6','011');

/*!40000 ALTER TABLE `profesor` ENABLE KEYS */;
UNLOCK TABLES;


# Volcado de tabla profesor_asignatura
# ------------------------------------------------------------

DROP TABLE IF EXISTS `profesor_asignatura`;

CREATE TABLE `profesor_asignatura` (
  `ID_PROFESOR` char(10) NOT NULL DEFAULT '',
  `ID_ASIGNATURA` char(5) NOT NULL DEFAULT '',
  PRIMARY KEY (`ID_PROFESOR`,`ID_ASIGNATURA`),
  KEY `FK_profesorAsignatura_asignatura` (`ID_ASIGNATURA`),
  CONSTRAINT `FK_profesorAsignatura_asignatura` FOREIGN KEY (`ID_ASIGNATURA`) REFERENCES `asignatura` (`CODIGO`) ON UPDATE CASCADE,
  CONSTRAINT `FK_profesorAsignatura_profesor` FOREIGN KEY (`ID_PROFESOR`) REFERENCES `profesor` (`DNI`) ON UPDATE CASCADE
) ENGINE=InnoDB DEFAULT CHARSET=utf8;

LOCK TABLES `profesor_asignatura` WRITE;
/*!40000 ALTER TABLE `profesor_asignatura` DISABLE KEYS */;

INSERT INTO `profesor_asignatura` (`ID_PROFESOR`, `ID_ASIGNATURA`)
VALUES
	('10225254','00001'),
	('10225254','00007'),
	('10225254','00017'),
	('10225254','00024'),
	('10225254','00025'),
	('10225254','00050'),
	('10258493','00011'),
	('10258493','00018'),
	('10258493','00024'),
	('11548668','00036'),
	('11548668','00041'),
	('12002022','00026'),
	('1213554','00046'),
	('1213554','00057'),
	('12541225','00042'),
	('12541225','00046'),
	('12548528','00032'),
	('12548528','00038'),
	('12548528','00052'),
	('15154258','00005'),
	('15154258','00008'),
	('15154258','00043'),
	('15154258','00044'),
	('23546822','00031'),
	('23546822','00033'),
	('2544185','00063'),
	('25869447','00033'),
	('25956345','00053'),
	('25956345','00057'),
	('25956345','00059'),
	('25956345','00060'),
	('25956345','00061'),
	('25956345','00063'),
	('4564654','00054'),
	('4564654','00055'),
	('5646582','00002'),
	('5646582','00012'),
	('5646582','00015'),
	('5849632','00030'),
	('5849632','00034'),
	('70158965','00019'),
	('70158965','00028'),
	('70158965','00029'),
	('70158965','00062'),
	('7092356','00007'),
	('7092356','00009'),
	('7092356','00015'),
	('7092356','00028'),
	('7092356','00058'),
	('7095451','00010'),
	('7095451','00013'),
	('7095451','00014'),
	('7095451','00016'),
	('7095451','00058'),
	('71002584','00032'),
	('71025489','00006'),
	('71025489','00023'),
	('71098542','00004'),
	('71098542','00010'),
	('71098542','00049'),
	('7125698','00037'),
	('7125698','00038'),
	('71526845','00045'),
	('7167965','00021'),
	('7167965','00027'),
	('7167965','00056'),
	('7254186','00003'),
	('7254186','00020'),
	('7254186','00025'),
	('7254186','00044'),
	('7254186','00050'),
	('7254186','00062'),
	('7542512','00039'),
	('7542512','00041'),
	('7545669','00047'),
	('7569234','00035'),
	('7569234','00040'),
	('7569234','00051'),
	('7828282','00022'),
	('7845945','00048'),
	('7895421','00040');

/*!40000 ALTER TABLE `profesor_asignatura` ENABLE KEYS */;
UNLOCK TABLES;



/*!40111 SET SQL_NOTES=@OLD_SQL_NOTES */;
/*!40101 SET SQL_MODE=@OLD_SQL_MODE */;
/*!40014 SET FOREIGN_KEY_CHECKS=@OLD_FOREIGN_KEY_CHECKS */;
/*!40101 SET CHARACTER_SET_CLIENT=@OLD_CHARACTER_SET_CLIENT */;
/*!40101 SET CHARACTER_SET_RESULTS=@OLD_CHARACTER_SET_RESULTS */;
/*!40101 SET COLLATION_CONNECTION=@OLD_COLLATION_CONNECTION */;
